feature,importance
building_count,9.049735921061924
poi_count,0.3201609155691523
road_density,0.13302427305530257
road_length,0.1315246623403062
area_m2,0.06730627108677313
dist_to_nearest_halte,0.014397525477032283
halte_count,0.00622978148099285
population,0.0
pop_density,0.0
pop_x_area,0.0
