name,threshold,val_eval,val_auc
logreg,0.95,"{'accuracy': 0.8875, 'precision': 0.47058823529411764, 'recall': 1.0, 'f1': 0.64, 'roc_auc': 0.9996744791666667, 'cm': [[252, 36], [0, 32]]}",0.9996744791666667
rf,0.675,"{'accuracy': 0.88125, 'precision': 0.45714285714285713, 'recall': 1.0, 'f1': 0.6274509803921569, 'roc_auc': 0.9306098090277777, 'cm': [[250, 38], [0, 32]]}",0.9306098090277777
gboost,0.7999999999999999,"{'accuracy': 0.89375, 'precision': 0.48484848484848486, 'recall': 1.0, 'f1': 0.6530612244897959, 'roc_auc': 0.9409722222222222, 'cm': [[254, 34], [0, 32]]}",0.9409722222222222
extra_trees,0.6,"{'accuracy': 0.9375, 'precision': 0.65, 'recall': 0.8125, 'f1': 0.7222222222222222, 'roc_auc': 0.9788411458333334, 'cm': [[274, 14], [6, 26]]}",0.9788411458333334
svm,0.05,"{'accuracy': 0.9, 'precision': 0.0, 'recall': 0.0, 'f1': 0.0, 'roc_auc': 0.5, 'cm': [[288, 0], [32, 0]]}",0.5
